0.000983,0.0005007,0.00166
0.00098158,0.00053974,0.0016606
0.00097098,0.00049414,0.0016584
0.00098712,0.00055229,0.0016601
0.0010223,0.00050002,0.0016592
0.00098295,0.0005547,0.0016596
0.0009167,0.00054106,0.0016561
0.00093692,0.00054425,0.0016628
0.00096982,0.00050406,0.0016556
0.0010114,0.00050399,0.0016525
0.0010484,0.00044037,0.0016536
0.00090598,0.00061973,0.0016718
0.00095124,0.00051942,0.0016591
0.0010012,0.00052771,0.0016634
0.0010152,0.00057851,0.0016645
0.00094483,0.00061758,0.001666
0.001074,0.00064506,0.0016555
0.00098772,0.00053549,0.0016518
0.00132,0.00049549,0.0016748
0.001448,0.0004839,0.0016898
0.00083738,0.00068386,0.0016777
0.00043269,0.00041527,0.0016597
0.00099581,0.00050598,0.0016817
0.0011604,0.00063209,0.0016848
0.00081102,0.00064075,0.0016646
0.00087257,0.00020821,0.0016994
0.0014096,0.001199,0.001685
0.00079049,0.0020264,0.0016485
0.00080038,0.0014903,0.0017004
0.0011068,0.00064884,0.0016796
0.00053977,0.00065489,0.0016589
0.0010384,0.00054506,0.0016439
0.0011673,0.0014169,0.0016783
0.0010192,0.00037614,0.0017011
0.00083178,0.0012816,0.0015782
0.0022361,0.0016752,0.0018714
0.002167,0.0021331,0.00187
0.0029056,0.00099413,0.001723
0.0040227,0.0021788,0.0016787
0.0037776,0.0040386,0.0017491
0.0015987,0.0039471,0.0017177
0.0010532,0.0035573,0.0019436
0.0014776,0.0013221,0.0017266
0.00093207,0.0017513,0.0013156
0.00098122,0.001255,0.0016614
0.00080951,0.0014598,0.0016448
0.0012473,0.002664,0.0015931
0.00081812,0.0026088,0.0015059
0.0014867,0.0021363,0.0016963
0.0010053,0.00068921,0.0016866
0.00087928,0.0016338,0.0016506
0.00083526,0.00167,0.0016617
0.00093422,0.0014781,0.0016514
0.0010154,0.0014275,0.001679
0.00099839,0.0018836,0.0016363
0.00098466,0.001137,0.0016632
0.0008541,0.0015094,0.0016408
0.0010427,0.0017829,0.0016997
0.00072141,0.0014471,0.0016313
0.0010417,0.001119,0.001665
0.0010084,0.001136,0.0017239
0.00088204,0.0016505,0.0016491
0.0010001,0.0012993,0.0016636
0.00085296,0.0010423,0.0016665
0.00068069,0.001881,0.0017779
0.0005846,0.0044775,0.0014538
0.0012974,0.004398,0.0014654
0.0010495,0.0029492,0.0017217
0.00077205,0.0010969,0.0017121
0.0018317,0.0034599,0.0017727
0.00041973,0.0031862,0.001734
0.0023638,0.0036332,0.0013428
0.006099,0.0076241,0.0015978
0.0090897,0.0033759,0.0015681
0.0051909,0.0060704,0.0021432
0.0043956,0.0063488,0.0015282
0.0074852,0.0074745,0.0017697
0.0052982,0.007739,0.0020645
0.0086069,0.0041631,0.0017008
0.003728,0.01093,0.0019355
0.0047289,0.0075564,0.0023752
0.0050035,0.0095108,0.001242
0.0038163,0.0078094,0.0014186
0.004166,0.0048241,0.0019436
0.0057059,0.011703,0.00099599
0.0060653,0.0044257,0.0021536
0.0015907,0.0086912,0.0013252
0.0042194,0.006537,0.0015936
0.002139,0.0057216,0.0015252
0.0041135,0.0055951,0.0015602
0.0023091,0.0044116,0.0017051
0.0038496,0.006128,0.0016305
0.0060446,0.0055688,0.001658
0.0090175,0.011913,0.00185
0.0073293,0.0037931,0.0013993
0.0058216,0.0077835,0.001665
0.0021975,0.0091203,0.0016393
0.0073964,0.0071235,0.00099044
0.0019551,0.0095128,0.0013316
0.01692,0.012362,0.002601
0.02227,0.010257,0.0021928
0.013537,0.018617,0.0021909
0.0036676,0.019694,0.0009045
0.0037018,0.0094837,0.0019327
0.0029365,0.016032,0.00033013
0.0064181,0.013502,0.0036655
0.010957,0.0065376,0.0024189
0.0032363,0.0095737,0.0039629
0.011692,0.027129,0.0069576
0.014063,0.038275,0.0031884
0.011189,0.019383,0.0017088
0.016794,0.017421,0.0011294
0.014632,0.034482,0.0035309
0.0027289,0.020769,0.003131
0.0079243,0.014405,0.00085773
0.02358,0.017096,0.00091798
0.046618,0.021817,0.0024595
0.055401,0.01428,0.003375
0.040722,0.018554,0.0034345
0.013639,0.030808,0.0048724
0.01804,0.024418,0.0016998
0.021932,0.030549,0.0053958
0.01428,0.027433,0.0037396
0.033803,0.025563,0.0039637
0.055489,0.056356,0.0065827
0.075284,0.059746,0.0033752
0.064579,0.047374,0.0014714
0.009645,0.047092,0.0049316
0.054292,0.064475,0.006965
0.076694,0.073909,0.0050548
0.062006,0.068995,0.0094198
0.077083,0.085289,0.0090813
0.098285,0.053917,0.004201
0.078528,0.044608,0.0045744
0.0285,0.10867,0.0043705
0.023934,0.099739,0.0044103
0.060659,0.045966,0.0019321
0.078252,0.0062267,0.0002162
0.072591,0.050414,0.0031308
0.060164,0.074033,0.0069266
0.031149,0.070823,0.0062977
0.057117,0.064638,0.0027318
0.1016,0.05189,0.0018993
0.096395,0.052259,0.0033959
0.056383,0.096298,0.0025329
0.01733,0.095845,0.0015267
0.013769,0.048691,0.0026468
0.022803,0.024036,0.0046773
0.030549,0.058097,0.0050892
0.039737,0.096509,0.0026925
0.034541,0.081172,0.0012429
0.018547,0.033779,0.003276
0.024685,0.0085392,0.0053655
0.02815,0.042266,0.0051101
0.029917,0.043162,0.0042738
0.036761,0.010271,0.0064646
0.034927,0.019073,0.0086283
0.022755,0.017576,0.0074797
0.011652,0.021376,0.004589
0.0048856,0.038535,0.003232
0.0092071,0.035676,0.0029552
0.0032445,0.0078622,0.0051062
0.026565,0.039312,0.0031856
0.037264,0.036881,0.0047824
0.031967,0.032238,0.0052492
0.03341,0.034545,0.0046331
0.046074,0.052754,0.004068
0.040545,0.090534,0.0030996
0.023474,0.11056,0.0033981
0.049872,0.067523,0.0020916
0.059477,0.016108,0.0027114
0.04774,0.011043,0.0032172
0.038887,0.030991,0.0048751
0.033311,0.056881,0.0038577
0.038663,0.081569,0.0054351
0.058019,0.075951,0.0024565
0.062956,0.018065,0.0021471
0.051105,0.056076,0.0049706
0.030904,0.11377,0.012747
0.045477,0.11728,0.013451
0.054743,0.11045,0.0056483
0.023667,0.11327,0.0017044
0.033064,0.076906,0.0034064
0.059931,0.10026,0.0033932
0.080161,0.18044,0.0044866
0.086261,0.16333,0.0094949
0.099404,0.03869,0.016525
0.12164,0.25787,0.020024
0.085879,0.35361,0.016434
0.048341,0.47315,0.0069071
0.095517,0.56556,0.0083836
0.07816,0.56417,0.0071376
0.020203,0.46312,0.0063225
0.013811,0.19922,0.013527
0.020045,0.087431,0.010545
0.058724,0.085106,0.017173
0.071172,0.24346,0.022617
0.048239,0.40023,0.022913
0.047629,0.39656,0.014827
0.12481,0.24752,0.016117
0.16223,0.21948,0.015564
0.13384,0.253,0.0088466
0.082124,0.10301,0.02097
0.047128,0.111,0.019682
0.033814,0.13515,0.009873
0.01397,0.13399,0.0019501
0.035717,0.11023,0.0079669
0.063489,0.085388,0.013979
0.060393,0.14889,0.01128
0.046945,0.18686,0.010628
0.040241,0.15309,0.01537
0.028635,0.096127,0.011998
0.024447,0.079303,0.016453
0.05631,0.089261,0.021152
0.067693,0.046133,0.020526
0.058894,0.06783,0.024657
0.04568,0.073021,0.035847
0.017486,0.02976,0.033346
0.027305,0.030645,0.028208
0.055172,0.050383,0.029538
0.061727,0.09755,0.026824
0.051161,0.060903,0.030193
0.025087,0.036149,0.040171
0.0059202,0.085781,0.045898
0.019166,0.12339,0.045582
0.026081,0.10282,0.048694
0.017864,0.033895,0.05638
0.020148,0.046707,0.049811
0.031385,0.042762,0.029267
0.014419,0.028545,0.020801
0.019616,0.066355,0.034185
0.045015,0.083581,0.049601
0.049429,0.12154,0.049073
0.041911,0.29646,0.041249
0.057488,0.33654,0.034327
0.047485,0.15513,0.04273
0.050811,0.052715,0.061136
0.08688,0.067089,0.06665
0.091877,0.13144,0.044992
0.082467,0.14857,0.0092258
0.081731,0.062654,0.017041
0.079226,0.093663,0.03022
0.05179,0.050094,0.030158
0.053546,0.12516,0.025215
0.072068,0.097474,0.023994
0.04781,0.082441,0.019508
0.049209,0.11069,0.019235
0.069839,0.048492,0.010588
0.05899,0.038242,0.011813
0.039,0.080369,0.008395
0.029441,0.060988,0.013257
0.034514,0.040803,0.010507
0.077268,0.085848,0.004897
0.13386,0.069458,0.0084869
0.15548,0.018449,0.012361
0.12676,0.021017,0.010766
0.079889,0.036454,0.0056182
0.054128,0.059211,0.0035622
0.037997,0.096088,0.0055567
0.032126,0.11753,0.0058704
0.070137,0.087384,0.0010232
0.076786,0.011751,0.002423
0.038402,0.058126,0.0036222
0.032024,0.070182,0.005863
0.071716,0.026438,0.0029526
0.082823,0.065704,0.0056666
0.070394,0.10633,0.017139
0.060882,0.080845,0.023008
0.06266,0.052007,0.021403
0.044968,0.11476,0.02642
0.038524,0.084412,0.025374
0.078686,0.068751,0.017887
0.06263,0.17658,0.014885
0.027905,0.18347,0.0077915
0.057441,0.12017,0.0086145
0.039054,0.069287,0.016426
0.076855,0.044009,0.01672
0.14963,0.02525,0.010859
0.16983,0.063232,0.0030239
0.13298,0.071547,0.0051357
0.078219,0.04158,0.010785
0.039482,0.07797,0.0064005
0.01345,0.081143,0.0068826
0.052152,0.029402,0.015767
0.047716,0.048267,0.012693
0.027639,0.039476,0.0056609
0.088862,0.073786,0.0031541
0.10591,0.134,0.0029312
0.098479,0.12279,0.0011981
0.102,0.058555,0.0047296
0.11164,0.0078418,0.0041991
0.12101,0.023898,0.011227
0.11978,0.017173,0.012417
0.085829,0.0038607,0.0077645
0.050887,0.016016,0.015556
0.061352,0.021182,0.015273
0.084611,0.026144,0.0078802
0.10613,0.02594,0.0086288
0.10287,0.02228,0.0064016
0.092018,0.03231,0.0032701
0.094528,0.02257,0.0059889
0.094358,0.010808,0.0070343
0.069032,0.032799,0.0026422
0.034541,0.032507,0.011461
0.03082,0.0088132,0.0098033
0.054169,0.036876,0.0039628
0.049423,0.038978,0.001837
0.039383,0.014178,0.0029806
0.030167,0.068882,0.0044739
0.018762,0.056916,0.0118
0.028853,0.060193,0.012491
0.027842,0.12373,0.0033252
0.070193,0.11952,0.0073685
0.093423,0.072604,0.0060055
0.087323,0.048892,0.0029135
0.056396,0.055743,0.0051691
0.065877,0.052677,0.0057236
0.10714,0.032556,0.011249
0.10287,0.042558,0.012241
0.072073,0.056151,0.0042715
0.08069,0.046529,0.011923
0.12566,0.019501,0.011929
0.16179,0.02132,0.0058672
0.17629,0.071792,0.0011377
0.17183,0.11325,0.0067991
0.15552,0.11053,0.0065916
0.14682,0.075277,0.0055296
0.14943,0.043176,0.0049501
0.14246,0.029248,0.0050113
0.11849,0.041712,0.0068604
0.089247,0.062948,0.0058389
0.067634,0.054745,0.0033646
0.054026,0.028717,0.0069443
0.042615,0.058883,0.0055398
0.037548,0.072134,0.0042822
0.035859,0.060508,0.0026764
0.034237,0.05061,0.0086898
0.042761,0.067417,0.0044529
0.06944,0.077171,0.0054649
0.092932,0.061602,0.0042721
0.096104,0.038879,0.0052935
0.095551,0.02951,0.007362
0.10851,0.044296,0.0039544
0.1207,0.044241,0.0046764
0.10378,0.029026,0.0041849
0.060149,0.060944,0.0094138
0.028741,0.067911,0.0036761
0.035566,0.022316,0.0027841
0.058912,0.029815,0.0052483
0.070137,0.032609,0.0061706
0.064959,0.043929,0.0025943
0.056937,0.066657,0.0068219
0.052975,0.040672,0.0026178
0.052064,0.026536,0.0067421
0.056269,0.030333,0.0058407
0.07345,0.037969,0.012337
0.092486,0.037049,0.014125
0.092609,0.039297,0.01555
0.073158,0.081421,0.014698
0.050805,0.12802,0.0073852
0.040751,0.11478,0.005441
0.029075,0.067159,0.0062337
0.0099132,0.028106,0.0038673
0.014344,0.053678,0.0058685
0.0033089,0.10494,0.0085233
0.014916,0.06887,0.0026141
0.012292,0.0096774,0.0049634
0.022578,0.0095929,0.0058325
0.03557,0.054704,0.002302
0.062033,0.077833,0.0046998
0.084128,0.06303,0.0047498
0.07419,0.042074,0.0053177
0.049727,0.015155,0.0048381
0.028803,0.049685,0.004335
0.015396,0.06857,0.0048357
0.020041,0.071247,0.00046432
0.030799,0.069996,0.00586
0.047348,0.031672,0.010183
0.048712,0.032367,0.0079411
0.036344,0.063148,0.0015699
0.034404,0.11299,0.0051136
0.021736,0.15476,0.001927
0.039511,0.091588,0.0053706
0.069728,0.026802,0.011062
0.066187,0.072829,0.0076514
0.045454,0.017642,0.0062216
0.031323,0.072097,0.016862
0.028522,0.10069,0.014037
0.03884,0.064982,0.0090562
0.048156,0.020194,0.0076036
0.039257,0.068443,0.0091922
0.021638,0.08482,0.010584
0.015539,0.045564,0.0031628
0.014514,0.015363,0.0061614
0.05518,0.031561,0.005343
0.06602,0.036797,0.0031266
0.038142,0.049797,0.0046973
0.029603,0.037996,0.0054504
0.055296,0.049057,0.0056347
0.063027,0.041295,0.0063194
0.052269,0.039377,0.0096618
0.016119,0.050684,0.010137
0.059497,0.040193,0.010207
0.095323,0.058823,0.0093262
0.075542,0.053056,0.012872
0.041424,0.019786,0.016896
0.03606,0.063869,0.014981
0.065158,0.063362,0.018264
0.11171,0.032153,0.029027
0.10813,0.036295,0.022411
0.056673,0.058067,0.020653
0.02713,0.067336,0.023692
0.055674,0.057597,0.012579
0.11404,0.056993,0.0065745
0.14349,0.077883,0.0043803
0.1202,0.097429,0.0079281
0.06693,0.097399,0.012483
0.024192,0.087178,0.024033
0.053479,0.083962,0.024119
0.060011,0.087503,0.012807
0.041203,0.089437,0.013918
0.025104,0.09533,0.01521
0.026269,0.10481,0.013934
0.051442,0.084875,0.015556
0.10448,0.039075,0.014993
0.14287,0.012951,0.014528
0.15223,0.033991,0.0104
0.14076,0.062275,0.011004
0.11697,0.048036,0.0086784
0.11441,0.011898,0.0022844
0.12759,0.046011,0.0069264
0.12831,0.059626,0.011055
0.12714,0.039241,0.0074402
0.13158,0.0088183,0.0039935
0.13325,0.058801,0.010272
0.12755,0.079818,0.014284
0.1113,0.059959,0.0067187
0.074551,0.034138,0.0079201
0.024711,0.030482,0.0061965
0.033766,0.04106,0.0053301
0.065458,0.057943,0.0076291
0.10779,0.052723,0.011366
0.13831,0.042765,0.012693
0.12964,0.058081,0.020716
0.096145,0.066708,0.03203
0.067001,0.039317,0.040899
0.042424,0.04362,0.038258
0.015304,0.073599,0.024784
0.026058,0.068376,0.016756
0.052978,0.035966,0.022974
0.070438,0.020735,0.039242
0.084067,0.029953,0.052032
0.092013,0.023469,0.047924
0.078633,0.020397,0.042611
0.038087,0.008129,0.047692
0.04113,0.02376,0.044202
0.10473,0.038745,0.035125
0.14004,0.040536,0.040301
0.12483,0.037383,0.047757
0.076642,0.036848,0.033628
0.048205,0.044822,0.015782
0.061298,0.051199,0.022415
0.06622,0.047547,0.023237
0.053307,0.03376,0.0041906
0.047137,0.018069,0.01768
0.061448,0.018443,0.01188
0.076775,0.029416,0.017956
0.069799,0.038634,0.037791
0.0433,0.042247,0.035406
0.023842,0.041505,0.025562
0.02611,0.043842,0.046018
0.0479,0.052797,0.051473
0.04997,0.063649,0.039118
0.024145,0.096414,0.063019
0.020142,0.12247,0.055778
0.033047,0.11583,0.017365
0.02968,0.096675,0.04976
0.026157,0.095668,0.063768
0.031348,0.11695,0.03613
0.036338,0.12638,0.037897
0.030947,0.11481,0.10121
0.018745,0.10058,0.10234
0.036957,0.08614,0.052207
0.080656,0.072799,0.058604
0.10743,0.073933,0.15361
0.093037,0.087408,0.2173
0.044876,0.10345,0.27583
0.024189,0.12117,0.25329
0.041042,0.13643,0.11479
0.038035,0.13464,0.0084595
0.062106,0.11647,0.068329
0.080294,0.10785,0.19379
0.063987,0.11045,0.22978
0.036197,0.098388,0.17718
0.027441,0.073141,0.10143
0.010768,0.051328,0.097804
0.018399,0.041049,0.14181
0.032385,0.054734,0.11225
0.024049,0.05921,0.084885
0.013775,0.037965,0.035898
0.01334,0.02489,0.050446
0.012971,0.013679,0.071263
0.00025537,0.081717,0.04877
0.023538,0.1184,0.015553
0.035661,0.099594,0.062787
0.02888,0.070478,0.066171
0.024234,0.051174,0.02359
0.030717,0.037417,0.027552
0.029704,0.032056,0.042941
0.023053,0.01793,0.044158
0.024389,0.030616,0.022611
0.020956,0.057355,0.0164
0.015963,0.058672,0.032115
0.024516,0.029639,0.038772
0.022168,0.016585,0.025732
0.018685,0.027833,0.033332
0.039658,0.008827,0.04409
0.059676,0.028803,0.040932
0.069679,0.052003,0.036009
0.0606,0.07073,0.043108
0.031591,0.078033,0.047244
0.020644,0.07123,0.045477
0.052955,0.054251,0.04969
0.080908,0.043968,0.059792
0.091227,0.039991,0.062698
0.081336,0.017262,0.064423
0.059418,0.019534,0.077027
0.029041,0.043731,0.084195
0.036958,0.04042,0.074694
0.091912,0.034703,0.069786
0.13196,0.059441,0.079943
0.14103,0.063635,0.086165
0.12426,0.046782,0.083581
0.093912,0.065459,0.083464
0.060593,0.090209,0.08233
0.027082,0.07472,0.074138
0.015001,0.038013,0.07041
0.059145,0.025603,0.076055
0.084739,0.039922,0.073741
0.083316,0.051225,0.066567
0.085715,0.040462,0.074058
0.091474,0.025506,0.08383
0.074258,0.062611,0.081227
0.045914,0.075049,0.076738
0.036441,0.052207,0.079289
0.033056,0.056195,0.078279
0.046455,0.077806,0.073523
0.056902,0.05498,0.074669
0.050836,0.019906,0.074237
0.06444,0.041119,0.062103
0.070173,0.062665,0.048595
0.051904,0.081286,0.044075
0.039907,0.058217,0.04005
0.052683,0.032365,0.03568
0.070826,0.096098,0.041253
0.081648,0.13916,0.04422
0.077745,0.18162,0.038304
0.059489,0.16115,0.036174
0.049648,0.086965,0.037681
0.068132,0.17668,0.030844
0.077981,0.23872,0.022549
0.072259,0.20278,0.024926
0.072268,0.19066,0.026181
0.081023,0.23934,0.023498
0.080957,0.27622,0.027984
0.059682,0.23341,0.035677
0.036368,0.089527,0.034859
0.033625,0.089515,0.027471
0.034458,0.099974,0.023549
0.047578,0.063785,0.021763
0.0617,0.045866,0.018326
0.060738,0.044352,0.019865
0.052617,0.11543,0.021391
0.056633,0.086162,0.015764
0.059632,0.071124,0.0094052
0.0574,0.18352,0.0084841
0.071249,0.21247,0.012681
0.098379,0.15518,0.01308
0.12353,0.16024,0.013223
0.14851,0.14669,0.016492
0.13744,0.080809,0.01689
0.055229,0.077541,0.010944
0.069085,0.098066,0.013082
0.15749,0.072342,0.012706
0.15685,0.048554,0.0029891
0.12581,0.17065,0.0096793
0.16933,0.17288,0.023204
0.21152,0.070553,0.029596
0.24101,0.028821,0.022724
0.2593,0.044756,0.015988
0.23183,0.041983,0.017916
0.17107,0.057458,0.015594
0.1255,0.19073,0.0099586
0.1211,0.31733,0.0062113
0.14501,0.25817,0.0054268
0.20003,0.071772,0.0051334
0.25398,0.13608,0.00707
0.23809,0.11357,0.011619
0.13603,0.099316,0.014448
0.038319,0.12606,0.013023
0.10723,0.08654,0.0078491
0.16148,0.018766,0.0070954
0.20276,0.066937,0.010687
0.19428,0.067964,0.0099217
0.10799,0.03231,0.0062137
0.072839,0.02891,0.0043653
0.19912,0.060586,0.0062034
0.2829,0.072671,0.0093423
0.30157,0.037364,0.010719
0.27456,0.04527,0.011876
0.21353,0.13347,0.013775
0.1023,0.13819,0.012059
0.10751,0.052702,0.01082
0.25277,0.037801,0.0070152
0.32692,0.038114,0.0058727
0.34371,0.035721,0.012318
0.34026,0.082645,0.011645
0.30422,0.086089,0.0068533
0.27818,0.043803,0.0030445
0.29788,0.034621,0.0092138
0.28449,0.053828,0.0061213
0.22372,0.05596,0.0038799
0.17133,0.042642,0.0075034
0.19275,0.060765,0.0036454
0.31374,0.018954,0.0025873
0.41836,0.055136,0.0053434
0.41514,0.038041,0.0065359
0.29887,0.067941,0.0081596
0.12232,0.12384,0.0082541
0.052392,0.13253,0.0046847
0.17969,0.08766,0.00053722
0.23759,0.044704,0.0032302
0.22769,0.078505,0.0025294
0.17286,0.056763,0.0048687
0.10393,0.031047,0.012195
0.03949,0.031226,0.013739
0.064907,0.0056445,0.0068484
0.1618,0.06633,0.0037449
0.24528,0.084022,0.0068895
0.25631,0.0092912,0.00977
0.15869,0.085865,0.011804
0.081932,0.066242,0.01614
0.25897,0.044313,0.016276
0.35499,0.090162,0.016862
0.3299,0.078277,0.021247
0.24968,0.044295,0.015188
0.14599,0.10411,0.0078171
0.036644,0.12483,0.019844
0.11543,0.066921,0.021348
0.13594,0.070336,0.014015
0.11722,0.076199,0.0088358
0.14131,0.050414,0.010717
0.16838,0.0051117,0.012742
0.19457,0.044381,0.0097197
0.18503,0.034991,0.012098
0.10233,0.010854,0.016445
0.045152,0.020618,0.013791
0.14396,0.03612,0.0066025
0.21814,0.062231,0.0048728
0.25515,0.073667,0.0085098
0.22979,0.071386,0.010113
0.15666,0.044716,0.0075716
0.13269,0.014979,0.0055566
0.14414,0.053379,0.0041823
0.1568,0.071537,0.0049115
0.20213,0.080548,0.0097653
0.19167,0.051667,0.0089608
0.097322,0.040288,0.004229
0.023223,0.11401,0.01357
0.077026,0.10658,0.011991
0.069707,0.063969,0.0043731
0.023627,0.061641,0.0034973
0.075629,0.079538,0.0078536
0.15936,0.076332,0.0066593
0.21894,0.042092,0.0026591
0.24225,0.0053892,0.0036404
0.23515,0.061168,0.0040642
0.21343,0.09199,0.0065163
0.21229,0.077587,0.0053276
0.25637,0.051445,0.0016867
0.30488,0.054423,0.0021204
0.31561,0.069139,0.0011702
0.28055,0.076304,0.0043022
0.21073,0.079137,0.0030073
0.13472,0.060444,0.005242
0.11965,0.065383,0.0069777
0.17362,0.069543,0.0059264
0.21871,0.059853,0.0046866
0.22186,0.042265,0.0071893
0.18732,0.008995,0.0086101
0.14172,0.024681,0.007113
0.1007,0.021078,0.0097661
0.045006,0.017545,0.0095902
0.072908,0.025488,0.006818
0.21033,0.025109,0.011201
0.32262,0.02407,0.012368
0.36543,0.037158,0.0059058
0.31542,0.065007,0.0022272
0.18798,0.1001,0.0063588
0.16946,0.097511,0.0067024
0.26018,0.061617,0.0049399
0.29366,0.015814,0.011814
0.26626,0.048832,0.010172
0.17678,0.064492,0.0046458
0.09546,0.04433,0.008979
0.14904,0.041704,0.013047
0.22784,0.05071,0.0071601
0.29305,0.047746,0.0012507
0.33675,0.014075,0.0042214
0.3492,0.030266,0.0075113
0.31322,0.036877,0.00046717
0.20543,0.028357,0.011635
0.099618,0.038919,0.015601
0.21087,0.03285,0.015788
0.33862,0.010652,0.018134
0.43076,0.020464,0.015953
0.47629,0.031939,0.0086293
0.4602,0.045309,0.019683
0.40294,0.081141,0.022353
0.31085,0.091823,0.010632
0.16776,0.07493,0.0058113
0.15791,0.083392,0.015439
0.28687,0.13543,0.016667
0.3476,0.13357,0.0071843
0.32458,0.072729,0.00653
0.24314,0.079434,0.004085
0.22126,0.11801,0.0030935
0.29337,0.09701,0.0040326
0.3427,0.059813,0.0073007
0.36393,0.10403,0.00074272
0.39804,0.10529,0.0075102
0.42329,0.075408,0.004921
0.38836,0.093833,0.002234
0.29428,0.10643,0.0046769
0.18793,0.065483,0.010259
0.12705,0.053871,0.0035086
0.1306,0.14059,0.004597
0.13504,0.15752,0.0061831
0.10219,0.10219,0.014668
0.042025,0.06565,0.0065876
0.057293,0.071061,0.011694
0.13407,0.048609,0.014408
0.14177,0.078436,0.0083639
0.070442,0.1319,0.010178
0.13139,0.14695,0.0034243
0.26592,0.16219,0.0067896
0.40166,0.24175,0.0084218
0.49159,0.33298,0.018995
0.53882,0.36872,0.01101
0.56741,0.34626,0.0024502
0.4921,0.29492,0.0065246
0.27812,0.24783,0.0098935
0.048936,0.27214,0.0048578
0.21851,0.29041,0.0066909
0.344,0.21782,0.0052645
0.41527,0.11854,0.0053949
0.48257,0.087214,0.0034736
0.50881,0.11306,0.0082396
0.41814,0.063122,0.012207
0.20989,0.071502,0.0041722
0.12133,0.11765,0.0079087
0.27916,0.082173,0.0074792
0.35352,0.013848,0.0034945
0.33046,0.09494,0.0064566
0.27463,0.1784,0.010804
0.23782,0.22426,0.0050215
0.20189,0.27825,0.0067467
0.29142,0.31367,0.012002
0.44306,0.33475,0.0060334
0.51608,0.29906,0.002584
0.45508,0.26734,0.0057307
0.28169,0.24168,0.0095597
0.14341,0.17077,0.0090641
0.24471,0.16175,0.0047605
0.33499,0.15738,0.0037858
0.30896,0.14216,0.0046621
0.24962,0.082379,0.011145
0.28346,0.036496,0.009268
0.36682,0.062939,0.0091011
0.46072,0.10395,0.0034095
0.49277,0.14486,0.011271
0.47859,0.14916,0.011582
0.50067,0.10754,0.011747
0.53481,0.10799,0.018195
0.5226,0.11215,0.0097195
0.42807,0.075067,0.0036701
0.3602,0.12604,0.0056341
0.44272,0.1564,0.014093
0.50081,0.12952,0.009154
0.45052,0.10133,0.01091
0.32672,0.11641,0.016504
0.19182,0.082099,0.013506
0.15534,0.022403,0.016491
0.18625,0.091501,0.013033
0.14789,0.11794,0.015271
0.040412,0.099592,0.0079842
0.09774,0.074098,0.0066471
0.15391,0.051934,0.012713
0.14542,0.0047762,0.012131
0.18595,0.047735,0.0077711
0.28134,0.043487,0.0070597
0.34404,0.027869,0.008729
0.36869,0.047547,0.001645
0.39943,0.043954,0.009188
0.39872,0.075599,0.010541
0.2705,0.063305,0.0055852
0.046119,0.013393,0.0050512
0.4335,0.053954,0.012115
0.81026,0.045658,0.010663
1,0.023797,0.0071725
0.92613,0.02322,0.0044828
0.67976,0.036941,0.010047
0.57781,0.037051,0.0098004
0.76306,0.026623,0.0081956
0.90771,0.0089336,0.0095684
0.85059,0.033515,0.0048347
0.59232,0.049228,0.0029792
0.22813,0.048974,0.0090598
0.085193,0.028769,0.0094219
0.2132,0.034761,0.0031023
0.14628,0.079668,0.0047404
0.18015,0.066183,0.010916
0.45002,0.037991,0.015405
0.63349,0.028082,0.014291
0.6059,0.024447,0.0059625
0.37241,0.013513,0.0063126
0.10263,0.026364,0.012613
0.36038,0.025711,0.010205
0.54798,0.012587,0.0041452
0.52558,0.034179,0.0032252
0.3541,0.016844,0.0046739
0.16374,0.0092167,0.0029051
0.24111,0.012211,0.0093741
0.42192,0.017789,0.011972
0.48111,0.017439,0.0085599
0.44604,0.0035964,0.0027167
0.44854,0.016405,0.012336
0.49059,0.020964,0.012957
0.52642,0.022088,0.0046664
0.55377,0.02032,0.003852
0.55663,0.036916,0.0059493
0.5547,0.054266,0.0040666
0.5666,0.041612,0.0062482
0.56356,0.041135,0.0092745
0.53528,0.035087,0.0052091
0.51903,0.027151,0.0066378
0.54869,0.031238,0.010583
0.58202,0.02665,0.0073151
0.56337,0.042785,0.0057896
0.49954,0.049919,0.013779
0.41384,0.039455,0.010466
0.31727,0.023113,0.0025187
0.25359,0.012344,0.0095806
0.24288,0.0092855,0.011404
0.24868,0.0080459,0.0059739
0.2738,0.027543,0.0034913
0.31335,0.025145,0.010393
0.30917,0.004421,0.0092732
0.23214,0.028462,0.0050654
0.14183,0.048434,0.010395
0.17915,0.041967,0.0089768
0.25805,0.022543,0.0079123
0.24812,0.0058031,0.0093702
0.15786,0.038486,0.012332
0.21653,0.037621,0.011722
0.40397,0.016261,0.0092781
0.5264,0.028262,0.0079003
0.48902,0.0067551,0.00092418
0.31071,0.027929,0.010292
0.34431,0.024062,0.016601
0.60841,0.023335,0.016115
0.73985,0.018598,0.0092254
0.65822,0.05592,0.0066639
0.42492,0.045514,0.010305
0.26552,0.022397,0.0097606
0.49291,0.047555,0.0081727
0.7493,0.032034,0.013327
0.84613,0.041065,0.016341
0.76107,0.03063,0.013777
0.54408,0.020684,0.011211
0.27914,0.027308,0.010648
0.30539,0.010979,0.0092003
0.59642,0.0063197,0.0082378
0.804,0.011225,0.0079999
0.8401,0.0052167,0.013396
0.68346,0.0074187,0.014416
0.35934,0.0094472,0.017638
0.11041,0.0041774,0.018226
0.40701,0.0093659,0.014699
0.52698,0.014469,0.012765
0.3835,0.015778,0.010068
0.025524,0.010403,0.0097654
0.39536,0.0088222,0.01944
0.68794,0.01827,0.017707
0.73936,0.029099,0.0078374
0.59351,0.030792,0.011058
0.50059,0.015571,0.014915
0.68428,0.015046,0.013272
0.87964,0.040083,0.017294
0.9024,0.04762,0.018162
0.76465,0.064189,0.018333
0.5665,0.074883,0.019075
0.46923,0.0534,0.012539
0.57071,0.02787,0.0086095
0.69505,0.024155,0.011191
0.70143,0.027529,0.0081528
0.58318,0.055516,0.0079558
0.41725,0.065588,0.017554
0.33448,0.042283,0.017466
0.39597,0.013558,0.016806
0.46866,0.0073145,0.014473
0.45406,0.012583,0.01679
0.32775,0.013603,0.023197
0.11765,0.025682,0.029687
0.12209,0.028176,0.033368
0.27227,0.02682,0.035827
0.29604,0.027712,0.032236
0.21133,0.013542,0.023614
0.10213,0.016725,0.013026
0.14803,0.040661,0.006551
0.26863,0.041633,0.01128
0.34253,0.021048,0.018407
0.30906,0.0093097,0.019235
0.15554,0.012509,0.02739
0.17856,0.019338,0.032203
0.43033,0.011962,0.031019
0.58262,0.0062012,0.028814
0.55167,0.015834,0.016963
0.35571,0.010702,0.021723
0.11241,0.0068712,0.024586
0.19668,0.019011,0.018675
0.32094,0.034367,0.014615
0.31814,0.046985,0.022934
0.26168,0.042971,0.020929
0.3154,0.044083,0.010527
0.41419,0.054198,0.024253
0.41902,0.054108,0.030183
0.28604,0.05898,0.028841
0.057414,0.060056,0.031512
0.27174,0.0329,0.031066
0.501,0.026354,0.024147
0.58418,0.024567,0.023857
0.50073,0.029919,0.032696
0.2963,0.053866,0.035829
0.057956,0.058389,0.034485
0.12046,0.038149,0.032591
0.17534,0.045032,0.031675
0.12706,0.09035,0.034502
0.080399,0.12275,0.033017
0.090442,0.1165,0.027361
0.11351,0.074815,0.025587
0.24433,0.071931,0.036437
0.41172,0.064167,0.040476
0.49271,0.020928,0.039897
0.41728,0.040457,0.04911
0.20871,0.083608,0.060293
0.19704,0.088032,0.061171
0.43786,0.062221,0.045952
0.56804,0.052837,0.022538
0.5483,0.072927,0.0073643
0.43649,0.090424,0.031447
0.31822,0.077271,0.059981
0.22597,0.11405,0.098643
0.14049,0.14175,0.13778
0.201,0.11136,0.18017
0.37122,0.07306,0.20508
0.48958,0.064361,0.20407
0.48898,0.056683,0.1837
0.35402,0.015407,0.1427
0.14596,0.04997,0.11495
0.20271,0.078384,0.13355
0.38766,0.056546,0.172
0.4665,0.016938,0.19912
0.42171,0.01153,0.21016
0.30706,0.014125,0.17101
0.21071,0.011665,0.12927
0.17503,0.015664,0.20275
0.11852,0.029886,0.33132
0.027486,0.039815,0.41671
0.23052,0.038285,0.39506
0.42216,0.043605,0.29117
0.54368,0.037572,0.20367
0.55426,0.010181,0.29185
0.44851,0.012022,0.38598
0.31417,0.019071,0.38292
0.30919,0.030584,0.29734
0.38828,0.028903,0.20361
0.41304,0.020158,0.24201
0.345,0.018792,0.28407
0.21461,0.02013,0.25424
0.095353,0.021507,0.18491
0.14712,0.013548,0.1603
0.22479,0.014336,0.19128
0.22267,0.013498,0.18748
0.16184,0.0030486,0.14649
0.1194,0.012832,0.11229
0.20026,0.01957,0.11599
0.32432,0.018505,0.1091
0.39918,0.026146,0.077039
0.40439,0.025591,0.072227
0.35097,0.012955,0.088177
0.25969,0.010712,0.077635
0.22408,0.0043276,0.042061
0.30397,0.025131,0.042538
0.39397,0.017332,0.060062
0.436,0.026585,0.045485
0.40618,0.057823,0.024409
0.30291,0.043362,0.051957
0.15175,0.017768,0.06681
0.016915,0.010805,0.044751
0.14133,0.014112,0.0086977
0.19714,0.021274,0.044095
0.17651,0.030517,0.059162
0.13906,0.037309,0.042864
0.14423,0.039368,0.029724
0.12846,0.018724,0.047816
0.040968,0.024796,0.052621
0.12393,0.039208,0.035016
0.2687,0.0091857,0.028321
0.34579,0.018329,0.05423
0.3229,0.0021233,0.058955
0.20732,0.023461,0.036076
0.098102,0.025724,0.015247
0.25511,0.031687,0.029264
0.44061,0.021244,0.029362
0.55157,0.0076356,0.01124
0.55534,0.0053794,0.023242
0.45935,0.018938,0.034772
0.29442,0.034534,0.025635
0.0909,0.030199,0.014327
0.13062,0.017607,0.031999
0.31953,0.034198,0.036909
0.43576,0.029122,0.027364
0.45613,0.0083443,0.025276
0.3973,0.016878,0.031431
0.31258,0.017823,0.025312
0.28605,0.019395,0.0061804
0.34125,0.018906,0.020887
0.39908,0.017124,0.029982
0.39581,0.012227,0.017804
0.30462,0.030822,0.013147
0.14317,0.011311,0.033825
0.12174,0.01369,0.036247
0.27586,0.025016,0.017626
0.36804,0.041151,0.013857
0.37595,0.024617,0.030899
0.31262,0.019479,0.026579
0.21477,0.0315,0.0068438
0.12903,0.0049936,0.024577
0.10471,0.031998,0.035979
0.15594,0.046787,0.023377
0.23183,0.023939,0.0075033
0.30148,0.023986,0.033393
0.34674,0.032627,0.03984
0.34461,0.0091795,0.021269
0.28215,0.025,0.011558
0.17757,0.016014,0.03257
0.070417,0.014483,0.03092
0.083285,0.015068,0.0066751
0.17603,0.0071022,0.022332
0.25715,0.0046136,0.036183
0.31682,0.016695,0.028249
0.34924,0.022456,0.010866
0.34039,0.028198,0.026381
0.27746,0.041911,0.030861
0.17825,0.029562,0.017922
0.14427,0.010328,0.018963
0.24094,0.021821,0.029264
0.34057,0.034662,0.020463
0.384,0.035991,0.010499
0.35649,0.017585,0.0339
0.27104,0.020414,0.039123
0.1591,0.040059,0.018907
0.080709,0.035198,0.019198
0.16961,0.020694,0.040895
0.33174,0.01279,0.037684
0.50455,0.021341,0.013581
0.64314,0.023818,0.018536
0.71062,0.029815,0.03409
0.69806,0.051678,0.025295
0.62975,0.035709,0.013612
0.54557,0.030664,0.029297
0.4676,0.023824,0.029756
0.39318,0.024819,0.019147
0.3373,0.031142,0.026918
0.34949,0.013884,0.032077
0.42937,0.020526,0.01812
0.50542,0.035992,0.018257
0.51566,0.041218,0.035646
0.43607,0.049161,0.032291
0.2832,0.058031,0.012783
0.10905,0.046646,0.018056
0.083143,0.03132,0.028296
0.12981,0.03988,0.017631
0.081995,0.064286,0.0088899
0.12411,0.089458,0.023944
0.27151,0.090997,0.022446
0.36338,0.10469,0.010015
0.35305,0.10277,0.021961
0.25389,0.08059,0.027889
0.17004,0.072478,0.016273
0.22476,0.089463,0.010933
0.28286,0.094632,0.026858
0.267,0.11631,0.024228
0.2164,0.18459,0.010246
0.24141,0.22738,0.018283
0.32942,0.20994,0.022782
0.37574,0.14058,0.011309
0.34126,0.088938,0.0088784
0.24419,0.089736,0.020809
0.1246,0.12601,0.018715
0.015305,0.16816,0.0050222
0.078307,0.22101,0.014897
0.16606,0.23056,0.022678
0.24591,0.19012,0.014188
0.28367,0.13975,0.0052473
0.24172,0.1102,0.011594
0.11198,0.12448,0.0092974
0.075528,0.16404,0.0033074
0.23724,0.20678,0.010912
0.31577,0.24218,0.010324
0.27568,0.20417,0.0014386
0.14203,0.13612,0.0136
0.13868,0.10284,0.017627
0.29097,0.064115,0.0078162
0.35814,0.048845,0.0084552
0.2997,0.093125,0.016733
0.17569,0.14315,0.013706
0.17487,0.12249,0.0048401
0.25854,0.16243,0.011205
0.25689,0.19279,0.012941
0.14296,0.21785,0.0045215
0.13106,0.17602,0.0088038
0.29539,0.066572,0.015944
0.38427,0.04802,0.011574
0.364,0.11891,0.0069198
0.24355,0.18309,0.012769
0.075076,0.27039,0.016546
0.094702,0.32546,0.0104
0.17026,0.2889,0.0018332
0.19557,0.21191,0.0078354
0.23305,0.16306,0.0039781
0.27995,0.18311,0.0050493
0.26232,0.18559,0.011331
0.1631,0.20237,0.0094544
0.19164,0.22249,0.0026975
0.38259,0.20418,0.0065319
0.50921,0.1497,0.010175
0.49834,0.16993,0.0052231
0.39328,0.25094,0.0052533
0.34977,0.29998,0.0097985
0.41439,0.27886,0.0062793
0.44977,0.2229,0.0050481
0.4186,0.19995,0.01162
0.38665,0.15778,0.013278
0.37813,0.13312,0.005368
0.32669,0.1644,0.0071392
0.22246,0.18124,0.014897
0.2102,0.16543,0.013492
0.32202,0.11656,0.0077422
0.38437,0.10639,0.0090821
0.34581,0.13737,0.0079913
0.29253,0.15031,0.0032515
0.37281,0.1745,0.0043478
0.49685,0.16855,0.0089547
0.5336,0.13181,0.0084023
0.47685,0.061823,0.011783
0.46119,0.073776,0.015606
0.56736,0.12156,0.013172
0.66747,0.098497,0.0027215
0.69144,0.086336,0.0099899
0.68235,0.083745,0.013837
0.68991,0.055203,0.0086729
0.68901,0.03824,0.0056487
0.67637,0.074383,0.013567
0.71562,0.078035,0.011484
0.77777,0.061274,0.0020754
0.7305,0.044595,0.0070892
0.5058,0.033829,0.011033
0.21136,0.02707,0.0053208
0.3531,0.061644,0.0090658
0.60329,0.088121,0.015819
0.68929,0.081819,0.012183
0.60026,0.069909,0.0027304
0.40318,0.02715,0.0069619
0.21166,0.029248,0.011776
0.18504,0.040597,0.0085158
0.27045,0.044876,0.0013857
0.31972,0.045909,0.0096139
0.29983,0.03878,0.009788
0.2208,0.033267,0.0049075
0.13527,0.018172,0.0028948
0.12506,0.038263,0.0095331
0.20328,0.043569,0.0063466
0.32514,0.035396,0.0030017
0.43954,0.035182,0.0044809
0.48294,0.0312,0.0068644
0.43016,0.020122,0.0053349
0.3302,0.019602,0.0048679
0.27921,0.013356,0.0073402
0.30955,0.034677,0.0044371
0.36727,0.034484,0.0058496
0.4244,0.019429,0.0072613
0.44653,0.020949,0.010878
0.39555,0.028939,0.0048985
0.30354,0.014635,0.010893
0.3274,0.021898,0.015556
0.48294,0.037543,0.023466
0.61538,0.034731,0.015401
0.65686,0.018144,0.01415
0.59588,0.0064463,0.018098
0.46253,0.0076381,0.014485
0.38739,0.016068,0.011624
0.47309,0.041599,0.0052711
0.54013,0.055212,0.003724
0.45359,0.045646,0.01514
0.21875,0.016699,0.016717
0.10146,0.016111,0.017377
0.33776,0.027158,0.018456
0.45588,0.036982,0.004645
0.44827,0.037945,0.0089057
0.36091,0.031274,0.0047732
0.26269,0.025483,0.0045336
0.31913,0.026567,0.0089313
0.52807,0.043095,0.0092931
0.70454,0.0519,0.0038842
0.74072,0.054425,0.012437
0.61133,0.055169,0.0038264
0.36297,0.054293,0.012028
0.075055,0.036173,0.0088901
0.18273,0.024237,0.0093162
0.35365,0.032616,0.015062
0.41514,0.031862,0.0058083
0.38755,0.038638,0.015099
0.33378,0.040385,0.013627
0.32274,0.037304,0.0085951
0.37656,0.041873,0.01424
0.45282,0.048985,0.026946
0.47481,0.043554,0.02863
0.37967,0.027748,0.01279
0.16738,0.021225,0.0084943
0.11789,0.030815,0.013325
0.35051,0.015581,0.018001
0.48279,0.020021,0.023016
0.48452,0.02471,0.018223
0.39603,0.011438,0.014122
0.32323,0.014907,0.014009
0.32683,0.0096553,0.015837
0.30856,0.014385,0.012674
0.18361,0.020582,0.0083624
0.054628,0.031574,0.010962
0.30334,0.028159,0.01375
0.49313,0.019897,0.010352
0.54066,0.01397,0.0041237
0.42335,0.0027356,0.0089191
0.18645,0.019011,0.010854
0.086914,0.031731,0.0046435
0.29995,0.026232,0.0068985
0.40477,0.0068926,0.010608
0.38846,0.010886,0.0084725
0.28515,0.004556,0.0048297
0.16561,0.020369,0.0035466
0.11178,0.034919,0.0045837
0.11549,0.038649,0.0054731
0.11573,0.032133,0.0039789
0.13061,0.029483,0.0027215
0.17397,0.022898,0.011477
0.19814,0.0077458,0.015762
0.15443,0.0020667,0.012952
0.05041,0.0047227,0.0086078
0.11157,0.019089,0.0066208
0.21505,0.037202,0.010453
0.26195,0.046995,0.010566
0.24805,0.042815,0.0025691
0.19057,0.035238,0.0077112
0.11369,0.026551,0.012067
0.018917,0.012232,0.0081533
0.12813,0.0043605,0.002161
0.28233,0.014551,0.0099191
0.41238,0.027974,0.011633
0.46614,0.031704,0.0073247
0.39831,0.032506,0.0011156
0.21325,0.033344,0.0091448
0.041232,0.030958,0.012419
0.25517,0.022143,0.011766
0.42137,0.010064,0.010567
0.51561,0.02523,0.0091847
0.52341,0.042694,0.0066298
0.43034,0.051497,0.0099201
0.24896,0.053849,0.018454
0.1214,0.059217,0.023242
0.30908,0.067819,0.02508
0.48538,0.080405,0.025087
0.55659,0.099532,0.018894
0.52015,0.11806,0.0086384
0.42366,0.13013,0.00028397
0.35988,0.13206,0.0055199
0.40113,0.12302,0.010935
0.46686,0.12807,0.014195
0.46046,0.15437,0.011959
0.36864,0.177,0.0098459
0.26332,0.19173,0.014998
0.30012,0.19935,0.017366
0.41525,0.18704,0.014724
0.44288,0.16302,0.0088815
0.34784,0.14023,0.0054876
0.20604,0.11233,0.0088703
0.1852,0.089394,0.011823
0.25302,0.074629,0.01754
0.27097,0.060901,0.019802
0.24229,0.049847,0.015978
0.18274,0.047733,0.011935
0.089191,0.042035,0.010245
0.055926,0.02309,0.010032
0.19686,0.0091968,0.01242
0.33296,0.013358,0.015266
0.41004,0.036666,0.016617
0.39928,0.047179,0.016265
0.34648,0.03035,0.016125
0.38847,0.010806,0.016136
0.52277,0.021655,0.016328
0.58809,0.02727,0.017191
0.49218,0.020455,0.017285
0.27206,0.013367,0.014672
0.19672,0.016015,0.010174
0.38247,0.0060571,0.0084378
0.49551,0.020831,0.0074534
0.48665,0.022003,0.0044946
0.40204,0.026627,0.0034557
0.33136,0.038829,0.0036229
0.34998,0.028889,0.0041527
0.40783,0.0082712,0.0022644
0.41166,0.0088874,0.0056397
0.31556,0.011961,0.010749
0.1496,0.014122,0.013187
0.2136,0.013683,0.015614
0.40528,0.0090737,0.020801
0.50462,0.0035688,0.02732
0.4893,0.0075128,0.033356
0.40422,0.013019,0.035579
0.34199,0.0083555,0.029937
0.36411,0.0062822,0.01972
0.40375,0.0035534,0.010917
0.38146,0.019197,0.0075898
0.28973,0.027717,0.0085712
0.25522,0.026284,0.010292
0.36861,0.026796,0.014068
0.44451,0.019334,0.017225
0.39963,0.0046127,0.017014
0.27393,0.015081,0.01735
0.17665,0.022553,0.014289
0.19155,0.023738,0.01379
0.20616,0.020344,0.022091
0.17163,0.014702,0.025416
0.13554,0.013048,0.024487
0.16613,0.019465,0.018182
0.24551,0.023285,0.0083021
0.31128,0.015001,0.0054879
0.32024,0.0020111,0.0069237
0.25852,0.0072254,0.0067956
0.1306,0.0077584,0.0056735
0.041854,0.002201,0.0046678
0.186,0.0095762,0.0045786
0.24649,0.015348,0.0076498
0.1992,0.012449,0.011942
0.08305,0.01768,0.013944
0.1635,0.017737,0.013407
0.30073,0.005744,0.010942
0.34305,0.013205,0.0095375
0.28952,0.017629,0.012595
0.22252,0.019481,0.01338
0.24254,0.016929,0.011325
0.26754,0.0089878,0.009332
0.2027,0.0088241,0.0079998
0.083671,0.0076757,0.007584
0.17781,0.011039,0.0088121
0.31446,0.027821,0.0086131
0.37379,0.029799,0.0079445
0.34948,0.016043,0.008963
0.27573,0.0062852,0.0082568
0.19194,0.0057471,0.0059124
0.11985,0.0090359,0.0056757
0.11985,0.018959,0.0087131
0.19814,0.027728,0.011792
0.25759,0.026387,0.012283
0.2614,0.018862,0.0094454
0.22153,0.017893,0.0062252
0.16369,0.022709,0.0054532
0.10502,0.023988,0.0051949
0.062796,0.021892,0.0055438
0.045364,0.020265,0.0085548
0.030886,0.017481,0.012757
0.028534,0.013585,0.015165
0.072657,0.014536,0.014487
0.13106,0.017265,0.0097674
0.17998,0.017184,0.0048123
0.18937,0.020368,0.014856
0.14106,0.024496,0.026183
0.056766,0.019074,0.033772
0.062158,0.01421,0.034095
0.10952,0.023995,0.028133
0.1018,0.032306,0.021836
0.052218,0.033072,0.019125
0.040782,0.022628,0.017339
0.084176,0.017187,0.013325
0.10039,0.023671,0.0093249
0.081256,0.024316,0.0082963
0.067498,0.022613,0.012094
0.091063,0.020695,0.01959
0.11639,0.014694,0.025272
0.12459,0.0036326,0.025277
0.11813,0.011634,0.021595
0.10624,0.019992,0.017204
0.086868,0.015731,0.015105
0.04808,0.0047902,0.017667
0.037976,0.01008,0.02316
0.10874,0.0097206,0.033736
0.16883,0.0053238,0.043033
0.20438,0.0078394,0.049388
0.22375,0.0031894,0.057078
0.22937,0.0073999,0.067738
0.20617,0.010101,0.081567
0.14694,0.0099805,0.093411
0.080496,0.013951,0.095257
0.095405,0.0049846,0.086385
0.14923,0.0078927,0.076761
0.17794,0.00992,0.086043
0.17352,0.0077796,0.11841
0.14009,0.0088333,0.16058
0.096541,0.012742,0.2028
0.076259,0.01081,0.241
0.07673,0.010372,0.27573
0.058294,0.012707,0.30503
0.061854,0.011486,0.33167
0.13677,0.010793,0.36985
0.19692,0.010794,0.42417
0.21814,0.0052888,0.48611
0.20548,0.0057723,0.54727
0.1578,0.0084103,0.60137
0.087083,0.0027457,0.64587
0.039239,0.0024668,0.68296
0.062097,0.0065584,0.72128
0.089123,0.012865,0.76855
0.10017,0.013742,0.82651
0.11266,0.017664,0.8934
0.14232,0.016027,0.95537
0.17661,0.012316,0.9945
0.20295,0.0037776,1
0.22177,0.022372,0.96005
0.23059,0.025731,0.86794
0.21212,0.014429,0.73043
0.15285,0.0069127,0.56169
0.079802,0.0014541,0.38225
0.11913,0.0063645,0.22799
0.21041,0.001545,0.19272
0.27133,0.0070957,0.29864
0.28534,0.0054758,0.42765
0.25846,0.00080744,0.53216
0.20574,0.0034521,0.59606
0.14126,0.011835,0.60898
0.087455,0.014475,0.55928
0.085309,0.010068,0.4492
0.12317,0.0088187,0.31473
0.16956,0.0074368,0.25529
0.21097,0.0087461,0.34782
0.22813,0.0099499,0.46972
0.20669,0.0080508,0.52468
0.15779,0.0087169,0.48908
0.12043,0.0098649,0.39177
0.1205,0.0078804,0.32229
0.13676,0.01688,0.36619
0.16242,0.025406,0.4413
0.1955,0.025598,0.45439
0.21896,0.022045,0.38329
0.22467,0.014035,0.26776
0.22186,0.0053454,0.22252
0.21283,0.0058124,0.27602
0.18672,0.0017661,0.30628
0.15065,0.0037843,0.26287
0.14482,0.0017082,0.16876
0.17117,0.0077737,0.1062
0.18796,0.0081499,0.13586
0.19536,0.0061212,0.15316
0.2092,0.016816,0.11556
0.21848,0.017731,0.046941
0.19814,0.015649,0.030373
0.14734,0.016892,0.060942
0.095195,0.016268,0.04673
0.071007,0.012407,0.029071
0.084481,0.011089,0.07334
0.12707,0.0094804,0.10881
0.17104,0.0045727,0.11498
0.1847,0.0043368,0.097397
0.16054,0.010672,0.09416
0.1246,0.015929,0.11195
0.12235,0.014281,0.12162
0.14274,0.0077099,0.11307
0.13918,0.0089888,0.095523
0.10861,0.014975,0.082075
0.1013,0.013784,0.075093
0.15382,0.0098979,0.073885
0.21302,0.0077586,0.076914
0.24046,0.008176,0.074775
0.22419,0.010496,0.063299
0.17248,0.0086854,0.051577
0.1095,0.0058284,0.051242
0.0651,0.010696,0.051781
0.054354,0.0071806,0.041547
0.073713,0.0083323,0.031755
0.11322,0.011459,0.03763
0.14659,0.009228,0.042216
0.15277,0.0069686,0.036539
0.13428,0.011318,0.039715
0.10281,0.011957,0.055681
0.059267,0.0056957,0.065112
0.031034,0.013484,0.062092
0.056811,0.014829,0.053756
0.061653,0.0080248,0.049161
0.045083,0.0029438,0.0471
0.020688,0.0069639,0.048434
0.015391,0.0016465,0.057687
0.05546,0.0095596,0.066881
0.092358,0.012992,0.067144
0.11309,0.0052357,0.06179
0.10534,0.012844,0.06053
0.078296,0.01269,0.061758
0.051205,0.0044627,0.058036
0.038101,0.01396,0.052873
0.038346,0.022079,0.05262
0.037054,0.031882,0.050996
0.035517,0.029079,0.041897
0.039958,0.018389,0.035886
0.045645,0.0098182,0.041762
0.039772,0.00081264,0.043388
0.030262,0.0037567,0.035424
0.049613,0.016813,0.030306
0.063639,0.025223,0.036252
0.053505,0.015862,0.043472
0.027835,0.0014098,0.052867
0.021215,0.014579,0.065785
0.040656,0.026334,0.072067
0.047487,0.025413,0.063329
0.031656,0.012646,0.044938
0.0076838,0.0055355,0.037605
0.046637,0.0073194,0.044518
0.058189,0.0073884,0.049787
0.034725,0.0065042,0.052739
0.0026457,0.0064729,0.052647
0.034456,0.0085125,0.043585
0.062116,0.012378,0.031431
0.072185,0.014738,0.038237
0.053541,0.0090754,0.051748
0.026684,0.005881,0.053057
0.031784,0.0099286,0.045256
0.054329,0.016484,0.044745
0.06617,0.01887,0.05194
0.050432,0.012309,0.055947
0.0176,0.0069064,0.058567
0.020708,0.0041519,0.062975
0.024962,0.0014963,0.063666
0.020291,0.0049159,0.059346
0.026078,0.010912,0.057942
0.023891,0.013648,0.060448
0.006651,0.015454,0.057641
0.018712,0.011974,0.049893
0.037434,0.00585,0.047983
0.039728,0.0082403,0.050672
0.038889,0.014831,0.047329
0.053209,0.014589,0.0406
0.065584,0.0092651,0.041377
0.061618,0.014205,0.04395
0.044716,0.02114,0.039738
0.050195,0.022866,0.035346
0.082301,0.023036,0.038375
0.10521,0.024725,0.039934
0.10308,0.025066,0.037538
0.075755,0.021533,0.039399
0.04226,0.024838,0.043111
0.045913,0.028838,0.043388
0.065172,0.020886,0.047558
0.064583,0.0077885,0.057354
0.046029,0.012907,0.062178
0.032243,0.01726,0.060763
0.03746,0.013258,0.064025
0.041998,0.011758,0.071901
0.032824,0.017341,0.073016
0.013428,0.016964,0.066809
0.0024796,0.011268,0.06462
0.0099584,0.012258,0.066802
0.018181,0.025147,0.063427
0.021624,0.033283,0.055939
0.012572,0.028634,0.051149
0.010029,0.026419,0.045711
0.021055,0.029812,0.038241
0.018624,0.022613,0.041451
0.0075649,0.01452,0.05424
0.0078357,0.015542,0.063126
0.011762,0.021665,0.066265
0.0099985,0.024338,0.06683
0.0096007,0.023208,0.063634
0.010361,0.015565,0.057543
0.006738,0.010028,0.05491
0.010388,0.0046702,0.053189
0.02006,0.016721,0.043674
0.023015,0.025215,0.031922
0.015099,0.014105,0.034116
0.0050764,0.0061669,0.040106
0.021071,0.01582,0.040238
0.025557,0.018889,0.043176
0.014263,0.018549,0.049123
0.0062751,0.022786,0.049129
0.011705,0.020082,0.04674
0.01215,0.0081148,0.050333
0.011746,0.010343,0.051379
0.010612,0.025225,0.0412
0.0074283,0.028347,0.030789
0.0073408,0.014602,0.037786
0.011966,0.0049297,0.047761
0.0071811,0.020015,0.054176
0.0053486,0.029552,0.059818
0.014466,0.026616,0.061381
0.012524,0.012908,0.060677
0.0080728,0.0065797,0.068651
0.013216,0.019593,0.080535
0.0080396,0.034856,0.081309
0.0080965,0.039346,0.068323
0.018386,0.024336,0.052008
0.020953,0.012498,0.043316
0.014682,0.024971,0.039658
0.0018326,0.031281,0.039882
0.014218,0.030288,0.044312
0.021991,0.019248,0.046923
0.018613,0.020206,0.051294
0.0090354,0.025528,0.062374
0.0055033,0.019382,0.07047
0.005653,0.010641,0.068265
0.0045834,0.0066449,0.060408
0.010208,0.0088272,0.053403
0.0063955,0.0068831,0.044306
0.0092505,0.0037993,0.029736
0.01192,0.0027864,0.01699
0.0028482,0.0051989,0.015014
0.0090867,0.013532,0.016544
0.012378,0.017194,0.025704
0.013318,0.011609,0.038932
0.012122,0.0065032,0.045952
0.01151,0.0043453,0.04707
0.01153,0.016727,0.04879
0.0056472,0.021988,0.049363
0.0090081,0.014459,0.043485
0.01894,0.0066047,0.034321
0.015065,0.0031552,0.028437
0.012933,0.014165,0.022575
0.016596,0.018467,0.012442
0.01119,0.013031,0.013061
0.0067482,0.0055058,0.020926
0.014015,0.0039836,0.022717
0.019384,0.010786,0.024202
0.016155,0.013443,0.029105
0.0081478,0.012593,0.030092
0.0023019,0.011028,0.025814
0.0051839,0.0075534,0.022691
0.0092351,0.0097155,0.020578
0.015209,0.016364,0.014099
0.017301,0.015279,0.0072992
0.014276,0.0075249,0.009979
0.0099233,0.0033893,0.010577
0.0071194,0.0038143,0.007594
0.0080206,0.0039669,0.011664
0.0072197,0.013446,0.01692
0.0048891,0.014252,0.018659
0.0075555,0.0049611,0.020543
0.0078243,0.0066352,0.023212
0.0019833,0.0098232,0.020942
0.014484,0.0063088,0.011824
0.022779,0.0028787,0.003142
0.017944,0.006223,0.0093715
0.0049294,0.014624,0.010805
0.0099509,0.022192,0.0061829
0.014373,0.024465,0.0043833
0.010544,0.021953,0.0056754
0.0070604,0.01581,0.0051868
0.0079847,0.0099327,0.0073726
0.0073245,0.013095,0.0089039
0.01002,0.014643,0.0060698
0.015257,0.0096735,0.0043077
0.012568,0.0056111,0.0086725
0.0045027,0.011547,0.0081942
0.012359,0.011189,0.0046911
0.020733,0.001338,0.0078792
0.026721,0.017644,0.0098669
0.023284,0.025843,0.0078054
0.0041772,0.017288,0.004646
0.025628,0.0052061,0.0081354
0.039147,0.022761,0.0072394
0.031758,0.021756,0.0037876
0.02056,0.015614,0.00676
0.017544,0.0086929,0.010186
0.010091,0.014737,0.0089914
0.0076859,0.025212,0.010249
0.008832,0.017669,0.011249
0.0016625,0.0037114,0.007325
0.011047,0.0036979,0.0049926
0.014058,0.0049848,0.011765
0.0076262,0.0091398,0.014477
0.0079875,0.0080107,0.011841
0.019333,0.002206,0.012085
0.019362,0.009595,0.010159
0.0082653,0.010722,0.006949
0.0057102,0.010857,0.0069778
0.0089074,0.0077229,0.010924
0.0073272,0.0045355,0.0095331
0.0070442,0.0083015,0.0080506
0.011332,0.0054192,0.013624
0.0097991,0.0027791,0.017044
0.0031582,0.0033995,0.010817
0.0046005,0.0044207,0.017768
0.011085,0.010887,0.022425
0.02002,0.0073936,0.017532
0.024962,0.0043489,0.014337
0.02247,0.0086438,0.013916
0.015279,0.011829,0.02244
0.014571,0.012864,0.024254
0.023477,0.010556,0.020579
0.026281,0.010216,0.015825
0.015988,0.0093429,0.010081
0.0055449,0.0080268,0.0055787
0.019845,0.0049529,0.012011
0.027399,0.0020557,0.015974
0.024731,0.0083462,0.012481
0.021581,0.0092845,0.0071877
0.022798,0.0067056,0.0076106
0.017279,0.0080331,0.0085338
0.010422,0.017749,0.0099249
0.018491,0.020548,0.014682
0.022264,0.0099216,0.016283
0.012546,0.0076875,0.012703
0.018858,0.018511,0.0082186
0.039613,0.020656,0.0092853
0.044975,0.013905,0.0088319
0.03263,0.0084264,0.0091317
0.013309,0.01216,0.011887
0.018366,0.014017,0.011159
0.030143,0.0141,0.0067368
0.033543,0.0099892,0.0078377
0.035877,0.0078442,0.010418
0.039211,0.016472,0.007529
0.035506,0.016817,0.0047108
0.024878,0.0119,0.0091005
0.021816,0.0067902,0.011619
0.026845,0.0061003,0.010656
0.034352,0.010638,0.011115
0.04359,0.002299,0.012596
0.04759,0.011533,0.0092121
0.040353,0.014928,0.0043673
0.022677,0.0068483,0.0083823
0.013261,0.0070188,0.011555
0.027463,0.0097937,0.010966
0.038801,0.010131,0.009715
0.037143,0.0074436,0.0098732
0.025939,0.0063049,0.0071164
0.021232,0.020934,0.0015919
0.01309,0.021773,0.0061978
0.0078556,0.0060288,0.0094357
0.017967,0.0173,0.0080597
0.022012,0.029918,0.0059149
0.018276,0.026917,0.0071466
0.012881,0.01528,0.0057587
0.0099028,0.024542,0.0014946
0.010559,0.032879,0.0037949
0.020231,0.028382,0.0053235
0.023775,0.018325,0.004176
0.021198,0.021555,0.0019708
0.019165,0.027814,0.00064918
0.013487,0.027685,0.0012736
0.0045664,0.03313,0.0011162
0.023138,0.032284,0.0039207
0.032645,0.019578,0.0079646
0.019759,0.02848,0.008926
0.014755,0.037139,0.005726
0.0309,0.032686,0.0020447
0.026228,0.027227,0.0049476
0.019566,0.028001,0.0068678
0.013976,0.028456,0.0052622
0.0032755,0.023932,0.0029027
0.0077213,0.028218,0.0026016
0.0039995,0.030365,0.0027623
0.0030062,0.024076,0.0015311
0.0073451,0.02299,0.0039451
0.0062276,0.031496,0.006308
0.0037553,0.032049,0.0054368
0.0080368,0.024914,0.0018188
0.0089943,0.030186,0.0017234
0.015135,0.029804,0.0015259
0.019137,0.035137,0.0019512
0.01634,0.048156,0.0042064
0.0064285,0.045939,0.004547
0.018027,0.032696,0.0026565
0.026694,0.021657,0.0010449
0.032031,0.036415,0.0029936
0.029269,0.045265,0.0035496
0.021724,0.040429,0.0033403
0.025397,0.03062,0.0014081
0.028517,0.016062,0.0043074
0.033739,0.012854,0.0049234
0.034644,0.01369,0.0033381
0.02294,0.017468,0.0037598
0.0049308,0.020137,0.0062934
0.011341,0.014416,0.0062107
0.019185,0.011543,0.0030449
0.022917,0.012445,0.0015961
0.01679,0.017205,0.0037474
0.0095411,0.023469,0.0028737
0.025782,0.013661,0.0023071
0.036049,0.010986,0.0056587
0.033835,0.027548,0.0068116
0.026068,0.036486,0.0056355
0.016924,0.03574,0.0042847
0.010684,0.018071,0.0045528
0.013702,0.0091628,0.0058857
0.011677,0.029643,0.0067355
0.014852,0.03692,0.007612
0.023781,0.035793,0.008033
0.029985,0.030831,0.0072083
0.032531,0.029399,0.0061308
0.029084,0.029499,0.0051966
0.017611,0.023801,0.0045798
0.011689,0.03408,0.004167
0.029223,0.046745,0.003844
0.039993,0.053099,0.00418
0.040241,0.059607,0.004969
0.035087,0.055495,0.0044571
0.022771,0.047384,0.0019001
0.0094885,0.045179,0.0021635
0.029954,0.052184,0.0034497
0.046688,0.067979,0.0038398
0.0498,0.073984,0.0035803
0.040317,0.075226,0.0033429
0.025904,0.072473,0.0031477
0.019019,0.0731,0.0032696
0.015605,0.090592,0.0045579
0.0083146,0.097992,0.0053093
0.032426,0.098958,0.0043718
0.051274,0.099362,0.0014055
0.050699,0.10398,0.0021614
0.040293,0.11462,0.0047634
0.031894,0.10733,0.0054263
0.025039,0.10635,0.0031583
0.018872,0.11151,0.00055964
0.010789,0.10816,0.0015311
0.0044456,0.11043,0.0036857
0.0060661,0.10309,0.0074521
0.0054633,0.096514,0.010262
0.0051009,0.09975,0.0085513
0.0037642,0.10339,0.0063339
0.014506,0.10799,0.0085416
0.015163,0.096061,0.0087593
0.00897,0.091619,0.0071633
0.0083984,0.11043,0.0057515
0.0087542,0.1063,0.0043603
0.016709,0.087165,0.0033899
0.029393,0.091048,0.0040205
0.037247,0.10773,0.0031216
0.037578,0.12037,0.00141
0.030057,0.11359,0.0070744
0.021059,0.088703,0.011964
0.02348,0.095809,0.013711
0.036225,0.12508,0.011965
0.040431,0.12542,0.008631
0.029213,0.11271,0.0066544
0.019289,0.10429,0.0054885
0.021807,0.095339,0.0043799
0.036589,0.11287,0.0057636
0.065025,0.13651,0.0076807
0.089043,0.13984,0.0059225
0.085098,0.12728,0.0017558
0.054675,0.12335,0.0071477
0.029465,0.14148,0.011368
0.024579,0.15123,0.011414
0.0098068,0.15021,0.0083706
0.075491,0.14323,0.0069932
0.14485,0.15239,0.0096486
0.17127,0.16924,0.012515
0.12834,0.16299,0.012435
0.043311,0.16588,0.0080123
0.039197,0.1637,0.0033348
0.071454,0.17207,0.008521
0.072411,0.19762,0.010947
0.053953,0.19356,0.007609
0.057427,0.19496,0.0038972
0.070069,0.20824,0.0071058
0.060625,0.23245,0.0091717
0.060008,0.26531,0.0094374
0.080593,0.27773,0.0081618
0.076866,0.28354,0.0040433
0.04332,0.28981,0.0047536
0.023913,0.31317,0.011174
0.034496,0.33799,0.014309
0.026914,0.35049,0.011855
0.01164,0.37114,0.0051379
0.023707,0.37675,0.0097874
0.022542,0.36531,0.01876
0.016201,0.36998,0.024552
0.044813,0.40107,0.026232
0.062347,0.42485,0.024763
0.053082,0.41661,0.022775
0.031938,0.39645,0.02227
0.028082,0.39587,0.021749
0.028789,0.42175,0.018278
0.026774,0.43509,0.011808
0.035649,0.42488,0.0078868
0.051668,0.4217,0.01577
0.054694,0.44202,0.027687
0.039607,0.46007,0.037732
0.022446,0.44848,0.042269
0.022653,0.44651,0.041396
0.061709,0.46944,0.040885
0.081963,0.48411,0.048102
0.061389,0.48467,0.060732
0.015144,0.47726,0.072927
0.040719,0.48012,0.084806
0.069693,0.50098,0.098082
0.069119,0.51196,0.11095
0.053585,0.48341,0.12011
0.050876,0.47972,0.12283
0.053561,0.51358,0.12053
0.04115,0.49919,0.11959
0.022919,0.46846,0.12284
0.018046,0.4617,0.12791
0.014189,0.47534,0.13324
0.0098922,0.48143,0.13793
0.014854,0.44358,0.1424
0.030982,0.42106,0.1478
0.049048,0.43514,0.15202
0.051348,0.4375,0.15358
0.0264,0.41339,0.15543
0.029567,0.39156,0.15849
0.064743,0.40773,0.15894
0.072571,0.4199,0.15433
0.063356,0.39575,0.14508
0.066895,0.36863,0.13174
0.065357,0.38547,0.11705
0.03731,0.41204,0.1061
0.029502,0.39263,0.097996
0.05734,0.36083,0.088338
0.067767,0.3688,0.078032
0.093823,0.39374,0.071078
0.12606,0.38251,0.070347
0.11299,0.34557,0.077784
0.03571,0.34846,0.093968
0.075378,0.37538,0.11424
0.15578,0.36902,0.12755
0.15577,0.3348,0.13056
0.078138,0.3334,0.13105
0.050288,0.3638,0.13545
0.13063,0.37255,0.14227
0.14497,0.35576,0.14822
0.093044,0.34406,0.15432
0.015708,0.37027,0.16099
0.047174,0.39483,0.16401
0.079703,0.38239,0.16053
0.08803,0.38265,0.15402
0.080893,0.40809,0.14989
0.077983,0.41755,0.14742
0.10709,0.40565,0.1401
0.13108,0.40652,0.12447
0.10465,0.43444,0.10541
0.038885,0.44457,0.090526
0.12071,0.43013,0.081126
0.20907,0.44587,0.070356
0.22044,0.48027,0.055505
0.14333,0.47962,0.044202
0.023627,0.46359,0.04297
0.071269,0.49078,0.0437
0.088961,0.55165,0.03597
0.033042,0.58006,0.023729
0.064771,0.56343,0.021794
0.1393,0.57382,0.026508
0.14634,0.63326,0.027119
0.097854,0.67091,0.028075
0.04149,0.6687,0.035255
0.0047623,0.66874,0.039776
0.014349,0.69018,0.038619
0.026509,0.70771,0.037835
0.059438,0.70158,0.040238
0.086032,0.69688,0.040591
0.079268,0.70941,0.035511
0.039066,0.72668,0.029877
0.053479,0.74324,0.029784
0.10393,0.75087,0.032504
0.12901,0.76828,0.032243
0.10154,0.81424,0.030889
0.022503,0.85439,0.031604
0.068659,0.88095,0.030289
0.11941,0.91121,0.025613
0.11231,0.94097,0.022229
0.063426,0.96799,0.022003
0.0087447,0.98011,0.01993
0.059313,0.98518,0.016925
0.10538,1,0.018729
